-- phpMyAdmin SQL Dump
-- version 5.2.1
-- https://www.phpmyadmin.net/
--
-- Hôte : 127.0.0.1
-- Généré le : ven. 08 août 2025 à 14:38
-- Version du serveur : 10.4.32-MariaDB
-- Version de PHP : 8.2.12

SET SQL_MODE = "NO_AUTO_VALUE_ON_ZERO";
START TRANSACTION;
SET time_zone = "+00:00";


/*!40101 SET @OLD_CHARACTER_SET_CLIENT=@@CHARACTER_SET_CLIENT */;
/*!40101 SET @OLD_CHARACTER_SET_RESULTS=@@CHARACTER_SET_RESULTS */;
/*!40101 SET @OLD_COLLATION_CONNECTION=@@COLLATION_CONNECTION */;
/*!40101 SET NAMES utf8mb4 */;

--
-- Base de données : `excellentia`
--

-- --------------------------------------------------------

--
-- Structure de la table `assignations`
--

CREATE TABLE `assignations` (
  `id` bigint(20) UNSIGNED NOT NULL,
  `formateur_id` bigint(20) UNSIGNED NOT NULL,
  `subject_id` bigint(20) UNSIGNED NOT NULL,
  `filiere_id` bigint(20) UNSIGNED NOT NULL,
  `site_id` bigint(20) UNSIGNED NOT NULL,
  `created_at` timestamp NULL DEFAULT NULL,
  `updated_at` timestamp NULL DEFAULT NULL
) ENGINE=InnoDB DEFAULT CHARSET=utf8mb4 COLLATE=utf8mb4_unicode_ci;

--
-- Déchargement des données de la table `assignations`
--

INSERT INTO `assignations` (`id`, `formateur_id`, `subject_id`, `filiere_id`, `site_id`, `created_at`, `updated_at`) VALUES
(103, 9, 42, 1, 1, '2025-07-07 19:21:07', '2025-07-07 19:21:07'),
(104, 9, 42, 2, 1, '2025-07-07 19:21:07', '2025-07-07 19:21:07'),
(105, 9, 42, 3, 1, '2025-07-07 19:21:07', '2025-07-07 19:21:07'),
(106, 9, 42, 4, 1, '2025-07-07 19:21:07', '2025-07-07 19:21:07'),
(107, 9, 42, 5, 1, '2025-07-07 19:21:07', '2025-07-07 19:21:07'),
(108, 9, 42, 6, 1, '2025-07-07 19:21:07', '2025-07-07 19:21:07'),
(109, 9, 42, 7, 1, '2025-07-07 19:21:07', '2025-07-07 19:21:07'),
(110, 9, 42, 10, 1, '2025-07-07 19:21:07', '2025-07-07 19:21:07'),
(155, 9, 42, 1, 2, '2025-07-08 11:01:22', '2025-07-08 11:01:22'),
(156, 9, 42, 2, 2, '2025-07-08 11:01:22', '2025-07-08 11:01:22'),
(157, 9, 42, 3, 2, '2025-07-08 11:01:22', '2025-07-08 11:01:22'),
(158, 9, 42, 4, 2, '2025-07-08 11:01:22', '2025-07-08 11:01:22'),
(159, 9, 42, 5, 2, '2025-07-08 11:01:22', '2025-07-08 11:01:22'),
(160, 9, 42, 6, 2, '2025-07-08 11:01:22', '2025-07-08 11:01:22'),
(161, 9, 42, 7, 2, '2025-07-08 11:01:22', '2025-07-08 11:01:22'),
(162, 9, 42, 10, 2, '2025-07-08 11:01:22', '2025-07-08 11:01:22'),
(163, 9, 53, 1, 1, '2025-07-18 11:47:27', '2025-07-18 11:47:27'),
(164, 9, 53, 1, 2, '2025-07-18 11:48:00', '2025-07-18 11:48:00'),
(189, 8, 38, 1, 2, '2025-07-18 11:51:38', '2025-07-18 11:51:38'),
(190, 8, 38, 2, 2, '2025-07-18 11:51:38', '2025-07-18 11:51:38'),
(191, 8, 38, 3, 2, '2025-07-18 11:51:38', '2025-07-18 11:51:38'),
(192, 8, 38, 4, 2, '2025-07-18 11:51:38', '2025-07-18 11:51:38'),
(193, 8, 38, 5, 2, '2025-07-18 11:51:38', '2025-07-18 11:51:38'),
(194, 8, 38, 6, 2, '2025-07-18 11:51:38', '2025-07-18 11:51:38'),
(195, 8, 38, 7, 2, '2025-07-18 11:51:38', '2025-07-18 11:51:38'),
(196, 8, 38, 8, 2, '2025-07-18 11:51:38', '2025-07-18 11:51:38'),
(197, 8, 38, 10, 2, '2025-07-18 11:51:38', '2025-07-18 11:51:38'),
(198, 8, 38, 12, 2, '2025-07-18 11:51:38', '2025-07-18 11:51:38'),
(199, 8, 38, 13, 2, '2025-07-18 11:51:38', '2025-07-18 11:51:38'),
(200, 8, 38, 14, 2, '2025-07-18 11:51:38', '2025-07-18 11:51:38'),
(201, 8, 38, 1, 1, '2025-07-18 11:51:51', '2025-07-18 11:51:51'),
(202, 8, 38, 2, 1, '2025-07-18 11:51:51', '2025-07-18 11:51:51'),
(203, 8, 38, 3, 1, '2025-07-18 11:51:51', '2025-07-18 11:51:51'),
(204, 8, 38, 4, 1, '2025-07-18 11:51:51', '2025-07-18 11:51:51'),
(205, 8, 38, 5, 1, '2025-07-18 11:51:51', '2025-07-18 11:51:51'),
(206, 8, 38, 6, 1, '2025-07-18 11:51:51', '2025-07-18 11:51:51'),
(207, 8, 38, 7, 1, '2025-07-18 11:51:51', '2025-07-18 11:51:51'),
(208, 8, 38, 8, 1, '2025-07-18 11:51:51', '2025-07-18 11:51:51'),
(209, 8, 38, 10, 1, '2025-07-18 11:51:51', '2025-07-18 11:51:51'),
(210, 8, 38, 12, 1, '2025-07-18 11:51:51', '2025-07-18 11:51:51'),
(211, 8, 38, 13, 1, '2025-07-18 11:51:51', '2025-07-18 11:51:51'),
(212, 8, 38, 14, 1, '2025-07-18 11:51:51', '2025-07-18 11:51:51'),
(213, 8, 37, 1, 1, '2025-07-18 11:52:01', '2025-07-18 11:52:01'),
(214, 8, 37, 2, 1, '2025-07-18 11:52:01', '2025-07-18 11:52:01'),
(215, 8, 37, 3, 1, '2025-07-18 11:52:01', '2025-07-18 11:52:01'),
(216, 8, 37, 4, 1, '2025-07-18 11:52:01', '2025-07-18 11:52:01'),
(217, 8, 37, 5, 1, '2025-07-18 11:52:01', '2025-07-18 11:52:01'),
(218, 8, 37, 6, 1, '2025-07-18 11:52:01', '2025-07-18 11:52:01'),
(219, 8, 37, 7, 1, '2025-07-18 11:52:01', '2025-07-18 11:52:01'),
(220, 8, 37, 8, 1, '2025-07-18 11:52:01', '2025-07-18 11:52:01'),
(221, 8, 37, 10, 1, '2025-07-18 11:52:01', '2025-07-18 11:52:01'),
(222, 8, 37, 12, 1, '2025-07-18 11:52:01', '2025-07-18 11:52:01'),
(223, 8, 37, 13, 1, '2025-07-18 11:52:01', '2025-07-18 11:52:01'),
(224, 8, 37, 14, 1, '2025-07-18 11:52:01', '2025-07-18 11:52:01'),
(225, 8, 37, 1, 2, '2025-07-18 11:52:13', '2025-07-18 11:52:13'),
(226, 8, 37, 2, 2, '2025-07-18 11:52:13', '2025-07-18 11:52:13'),
(227, 8, 37, 3, 2, '2025-07-18 11:52:13', '2025-07-18 11:52:13'),
(228, 8, 37, 4, 2, '2025-07-18 11:52:13', '2025-07-18 11:52:13'),
(229, 8, 37, 5, 2, '2025-07-18 11:52:13', '2025-07-18 11:52:13'),
(230, 8, 37, 6, 2, '2025-07-18 11:52:13', '2025-07-18 11:52:13'),
(231, 8, 37, 7, 2, '2025-07-18 11:52:13', '2025-07-18 11:52:13'),
(232, 8, 37, 8, 2, '2025-07-18 11:52:13', '2025-07-18 11:52:13'),
(233, 8, 37, 10, 2, '2025-07-18 11:52:13', '2025-07-18 11:52:13'),
(234, 8, 37, 12, 2, '2025-07-18 11:52:13', '2025-07-18 11:52:13'),
(235, 8, 37, 13, 2, '2025-07-18 11:52:13', '2025-07-18 11:52:13'),
(236, 8, 37, 14, 2, '2025-07-18 11:52:13', '2025-07-18 11:52:13'),
(237, 8, 39, 1, 1, '2025-07-18 12:02:37', '2025-07-18 12:02:37'),
(238, 8, 39, 2, 1, '2025-07-18 12:02:37', '2025-07-18 12:02:37'),
(239, 8, 39, 3, 1, '2025-07-18 12:02:37', '2025-07-18 12:02:37'),
(240, 8, 39, 4, 1, '2025-07-18 12:02:37', '2025-07-18 12:02:37'),
(241, 8, 39, 5, 1, '2025-07-18 12:02:37', '2025-07-18 12:02:37'),
(242, 8, 39, 6, 1, '2025-07-18 12:02:37', '2025-07-18 12:02:37'),
(243, 8, 39, 7, 1, '2025-07-18 12:02:37', '2025-07-18 12:02:37'),
(244, 8, 39, 8, 1, '2025-07-18 12:02:37', '2025-07-18 12:02:37'),
(245, 8, 39, 10, 1, '2025-07-18 12:02:37', '2025-07-18 12:02:37'),
(246, 8, 39, 12, 1, '2025-07-18 12:02:37', '2025-07-18 12:02:37'),
(247, 8, 39, 13, 1, '2025-07-18 12:02:37', '2025-07-18 12:02:37'),
(248, 8, 39, 14, 1, '2025-07-18 12:02:37', '2025-07-18 12:02:37'),
(249, 8, 39, 1, 2, '2025-07-18 12:02:48', '2025-07-18 12:02:48'),
(250, 8, 39, 2, 2, '2025-07-18 12:02:48', '2025-07-18 12:02:48'),
(251, 8, 39, 3, 2, '2025-07-18 12:02:48', '2025-07-18 12:02:48'),
(252, 8, 39, 4, 2, '2025-07-18 12:02:48', '2025-07-18 12:02:48'),
(253, 8, 39, 5, 2, '2025-07-18 12:02:48', '2025-07-18 12:02:48'),
(254, 8, 39, 6, 2, '2025-07-18 12:02:48', '2025-07-18 12:02:48'),
(255, 8, 39, 7, 2, '2025-07-18 12:02:48', '2025-07-18 12:02:48'),
(256, 8, 39, 8, 2, '2025-07-18 12:02:48', '2025-07-18 12:02:48'),
(257, 8, 39, 10, 2, '2025-07-18 12:02:48', '2025-07-18 12:02:48'),
(258, 8, 39, 12, 2, '2025-07-18 12:02:48', '2025-07-18 12:02:48'),
(259, 8, 39, 13, 2, '2025-07-18 12:02:48', '2025-07-18 12:02:48'),
(260, 8, 39, 14, 2, '2025-07-18 12:02:48', '2025-07-18 12:02:48'),
(269, 8, 40, 1, 1, '2025-07-18 12:07:02', '2025-07-18 12:07:02'),
(270, 8, 40, 2, 1, '2025-07-18 12:07:02', '2025-07-18 12:07:02'),
(271, 8, 40, 3, 1, '2025-07-18 12:07:02', '2025-07-18 12:07:02'),
(272, 8, 40, 4, 1, '2025-07-18 12:07:02', '2025-07-18 12:07:02'),
(273, 8, 40, 5, 1, '2025-07-18 12:07:02', '2025-07-18 12:07:02'),
(274, 8, 40, 6, 1, '2025-07-18 12:07:02', '2025-07-18 12:07:02'),
(275, 8, 40, 7, 1, '2025-07-18 12:07:02', '2025-07-18 12:07:02'),
(276, 8, 40, 8, 1, '2025-07-18 12:07:02', '2025-07-18 12:07:02'),
(277, 8, 40, 10, 1, '2025-07-18 12:07:02', '2025-07-18 12:07:02'),
(278, 8, 40, 12, 1, '2025-07-18 12:07:02', '2025-07-18 12:07:02'),
(279, 8, 40, 13, 1, '2025-07-18 12:07:02', '2025-07-18 12:07:02'),
(280, 8, 40, 14, 1, '2025-07-18 12:07:02', '2025-07-18 12:07:02'),
(281, 8, 40, 1, 2, '2025-07-18 12:07:39', '2025-07-18 12:07:39'),
(282, 8, 40, 2, 2, '2025-07-18 12:07:39', '2025-07-18 12:07:39'),
(283, 8, 40, 3, 2, '2025-07-18 12:07:39', '2025-07-18 12:07:39'),
(284, 8, 40, 4, 2, '2025-07-18 12:07:39', '2025-07-18 12:07:39'),
(285, 8, 40, 5, 2, '2025-07-18 12:07:39', '2025-07-18 12:07:39'),
(286, 8, 40, 6, 2, '2025-07-18 12:07:39', '2025-07-18 12:07:39'),
(287, 8, 40, 7, 2, '2025-07-18 12:07:39', '2025-07-18 12:07:39'),
(288, 8, 40, 8, 2, '2025-07-18 12:07:39', '2025-07-18 12:07:39'),
(289, 8, 40, 10, 2, '2025-07-18 12:07:39', '2025-07-18 12:07:39'),
(290, 8, 40, 12, 2, '2025-07-18 12:07:39', '2025-07-18 12:07:39'),
(291, 8, 40, 13, 2, '2025-07-18 12:07:39', '2025-07-18 12:07:39'),
(292, 8, 40, 14, 2, '2025-07-18 12:07:39', '2025-07-18 12:07:39'),
(293, 8, 41, 1, 1, '2025-07-18 12:08:08', '2025-07-18 12:08:08'),
(294, 8, 41, 2, 1, '2025-07-18 12:08:08', '2025-07-18 12:08:08'),
(295, 8, 41, 3, 1, '2025-07-18 12:08:08', '2025-07-18 12:08:08'),
(296, 8, 41, 4, 1, '2025-07-18 12:08:08', '2025-07-18 12:08:08'),
(297, 8, 41, 5, 1, '2025-07-18 12:08:08', '2025-07-18 12:08:08'),
(298, 8, 41, 6, 1, '2025-07-18 12:08:08', '2025-07-18 12:08:08'),
(299, 8, 41, 7, 1, '2025-07-18 12:08:08', '2025-07-18 12:08:08'),
(300, 8, 41, 8, 1, '2025-07-18 12:08:08', '2025-07-18 12:08:08'),
(301, 8, 41, 10, 1, '2025-07-18 12:08:08', '2025-07-18 12:08:08'),
(302, 8, 41, 12, 1, '2025-07-18 12:08:08', '2025-07-18 12:08:08'),
(303, 8, 41, 13, 1, '2025-07-18 12:08:08', '2025-07-18 12:08:08'),
(304, 8, 41, 14, 1, '2025-07-18 12:08:08', '2025-07-18 12:08:08'),
(305, 8, 41, 1, 2, '2025-07-18 12:08:48', '2025-07-18 12:08:48'),
(306, 8, 41, 2, 2, '2025-07-18 12:08:48', '2025-07-18 12:08:48'),
(307, 8, 41, 3, 2, '2025-07-18 12:08:48', '2025-07-18 12:08:48'),
(308, 8, 41, 4, 2, '2025-07-18 12:08:48', '2025-07-18 12:08:48'),
(309, 8, 41, 5, 2, '2025-07-18 12:08:48', '2025-07-18 12:08:48'),
(310, 8, 41, 6, 2, '2025-07-18 12:08:48', '2025-07-18 12:08:48'),
(311, 8, 41, 7, 2, '2025-07-18 12:08:48', '2025-07-18 12:08:48'),
(312, 8, 41, 8, 2, '2025-07-18 12:08:48', '2025-07-18 12:08:48'),
(313, 8, 41, 10, 2, '2025-07-18 12:08:48', '2025-07-18 12:08:48'),
(314, 8, 41, 12, 2, '2025-07-18 12:08:48', '2025-07-18 12:08:48'),
(315, 8, 41, 13, 2, '2025-07-18 12:08:48', '2025-07-18 12:08:48'),
(316, 8, 41, 14, 2, '2025-07-18 12:08:48', '2025-07-18 12:08:48'),
(317, 10, 30, 1, 1, '2025-07-18 12:18:42', '2025-07-18 12:18:42'),
(318, 10, 30, 2, 1, '2025-07-18 12:18:42', '2025-07-18 12:18:42'),
(319, 10, 30, 3, 1, '2025-07-18 12:18:42', '2025-07-18 12:18:42'),
(320, 10, 30, 4, 1, '2025-07-18 12:18:42', '2025-07-18 12:18:42'),
(321, 10, 30, 5, 1, '2025-07-18 12:18:42', '2025-07-18 12:18:42'),
(322, 10, 30, 6, 1, '2025-07-18 12:18:42', '2025-07-18 12:18:42'),
(323, 10, 30, 7, 1, '2025-07-18 12:18:42', '2025-07-18 12:18:42'),
(324, 10, 30, 10, 1, '2025-07-18 12:18:42', '2025-07-18 12:18:42'),
(325, 10, 30, 1, 2, '2025-07-18 12:19:06', '2025-07-18 12:19:06'),
(326, 10, 30, 2, 2, '2025-07-18 12:19:06', '2025-07-18 12:19:06'),
(327, 10, 30, 3, 2, '2025-07-18 12:19:06', '2025-07-18 12:19:06'),
(328, 10, 30, 4, 2, '2025-07-18 12:19:06', '2025-07-18 12:19:06'),
(329, 10, 30, 5, 2, '2025-07-18 12:19:06', '2025-07-18 12:19:06'),
(330, 10, 30, 6, 2, '2025-07-18 12:19:06', '2025-07-18 12:19:06'),
(331, 10, 30, 7, 2, '2025-07-18 12:19:06', '2025-07-18 12:19:06'),
(332, 10, 30, 10, 2, '2025-07-18 12:19:06', '2025-07-18 12:19:06'),
(333, 10, 35, 1, 1, '2025-07-18 12:20:05', '2025-07-18 12:20:05'),
(334, 10, 35, 2, 1, '2025-07-18 12:20:05', '2025-07-18 12:20:05'),
(335, 10, 35, 3, 1, '2025-07-18 12:20:05', '2025-07-18 12:20:05'),
(336, 10, 35, 4, 1, '2025-07-18 12:20:05', '2025-07-18 12:20:05'),
(337, 10, 35, 5, 1, '2025-07-18 12:20:05', '2025-07-18 12:20:05'),
(338, 10, 35, 6, 1, '2025-07-18 12:20:05', '2025-07-18 12:20:05'),
(339, 10, 35, 7, 1, '2025-07-18 12:20:05', '2025-07-18 12:20:05'),
(340, 10, 35, 10, 1, '2025-07-18 12:20:05', '2025-07-18 12:20:05'),
(341, 10, 35, 1, 2, '2025-07-18 12:20:40', '2025-07-18 12:20:40'),
(342, 10, 35, 2, 2, '2025-07-18 12:20:40', '2025-07-18 12:20:40'),
(343, 10, 35, 3, 2, '2025-07-18 12:20:40', '2025-07-18 12:20:40'),
(344, 10, 35, 4, 2, '2025-07-18 12:20:40', '2025-07-18 12:20:40'),
(345, 10, 35, 5, 2, '2025-07-18 12:20:40', '2025-07-18 12:20:40'),
(346, 10, 35, 6, 2, '2025-07-18 12:20:40', '2025-07-18 12:20:40'),
(347, 10, 35, 7, 2, '2025-07-18 12:20:40', '2025-07-18 12:20:40'),
(348, 10, 35, 10, 2, '2025-07-18 12:20:40', '2025-07-18 12:20:40'),
(349, 10, 44, 1, 1, '2025-07-18 12:21:10', '2025-07-18 12:21:10'),
(350, 10, 44, 2, 1, '2025-07-18 12:21:10', '2025-07-18 12:21:10'),
(351, 10, 44, 3, 1, '2025-07-18 12:21:10', '2025-07-18 12:21:10'),
(352, 10, 44, 4, 1, '2025-07-18 12:21:10', '2025-07-18 12:21:10'),
(353, 10, 44, 5, 1, '2025-07-18 12:21:10', '2025-07-18 12:21:10'),
(354, 10, 44, 6, 1, '2025-07-18 12:21:10', '2025-07-18 12:21:10'),
(355, 10, 44, 7, 1, '2025-07-18 12:21:10', '2025-07-18 12:21:10'),
(356, 10, 44, 10, 1, '2025-07-18 12:21:10', '2025-07-18 12:21:10'),
(357, 10, 44, 1, 2, '2025-07-18 12:21:41', '2025-07-18 12:21:41'),
(358, 10, 44, 2, 2, '2025-07-18 12:21:41', '2025-07-18 12:21:41'),
(359, 10, 44, 3, 2, '2025-07-18 12:21:41', '2025-07-18 12:21:41'),
(360, 10, 44, 4, 2, '2025-07-18 12:21:41', '2025-07-18 12:21:41'),
(361, 10, 44, 5, 2, '2025-07-18 12:21:41', '2025-07-18 12:21:41'),
(362, 10, 44, 6, 2, '2025-07-18 12:21:41', '2025-07-18 12:21:41'),
(363, 10, 44, 7, 2, '2025-07-18 12:21:41', '2025-07-18 12:21:41'),
(364, 10, 44, 10, 2, '2025-07-18 12:21:41', '2025-07-18 12:21:41'),
(365, 9, 54, 1, 1, '2025-07-18 12:22:37', '2025-07-18 12:22:37'),
(366, 9, 54, 1, 2, '2025-07-18 12:23:16', '2025-07-18 12:23:16'),
(367, 9, 55, 1, 1, '2025-07-18 12:24:24', '2025-07-18 12:24:24'),
(368, 9, 55, 1, 2, '2025-07-18 12:27:51', '2025-07-18 12:27:51'),
(371, 14, 32, 1, 1, '2025-07-21 07:44:40', '2025-07-21 07:44:40'),
(372, 14, 32, 2, 1, '2025-07-21 07:44:40', '2025-07-21 07:44:40'),
(373, 14, 32, 3, 1, '2025-07-21 07:44:40', '2025-07-21 07:44:40'),
(374, 14, 32, 4, 1, '2025-07-21 07:44:40', '2025-07-21 07:44:40'),
(375, 14, 32, 5, 1, '2025-07-21 07:44:40', '2025-07-21 07:44:40'),
(376, 14, 32, 6, 1, '2025-07-21 07:44:40', '2025-07-21 07:44:40'),
(377, 14, 32, 7, 1, '2025-07-21 07:44:40', '2025-07-21 07:44:40'),
(378, 14, 32, 8, 1, '2025-07-21 07:44:40', '2025-07-21 07:44:40'),
(379, 14, 32, 10, 1, '2025-07-21 07:44:40', '2025-07-21 07:44:40'),
(380, 14, 32, 12, 1, '2025-07-21 07:44:40', '2025-07-21 07:44:40'),
(381, 14, 32, 13, 1, '2025-07-21 07:44:40', '2025-07-21 07:44:40'),
(382, 14, 32, 14, 1, '2025-07-21 07:44:40', '2025-07-21 07:44:40'),
(395, 14, 32, 1, 2, '2025-07-22 14:34:36', '2025-07-22 14:34:36'),
(396, 14, 32, 2, 2, '2025-07-22 14:34:37', '2025-07-22 14:34:37'),
(397, 14, 32, 3, 2, '2025-07-22 14:34:37', '2025-07-22 14:34:37'),
(398, 14, 32, 4, 2, '2025-07-22 14:34:37', '2025-07-22 14:34:37'),
(399, 14, 32, 5, 2, '2025-07-22 14:34:37', '2025-07-22 14:34:37'),
(400, 14, 32, 6, 2, '2025-07-22 14:34:37', '2025-07-22 14:34:37'),
(401, 14, 32, 7, 2, '2025-07-22 14:34:37', '2025-07-22 14:34:37'),
(402, 14, 32, 8, 2, '2025-07-22 14:34:37', '2025-07-22 14:34:37'),
(403, 14, 32, 10, 2, '2025-07-22 14:34:37', '2025-07-22 14:34:37'),
(404, 14, 32, 12, 2, '2025-07-22 14:34:37', '2025-07-22 14:34:37'),
(405, 14, 32, 13, 2, '2025-07-22 14:34:37', '2025-07-22 14:34:37'),
(406, 14, 32, 14, 2, '2025-07-22 14:34:37', '2025-07-22 14:34:37');

-- --------------------------------------------------------

--
-- Structure de la table `attendances`
--

CREATE TABLE `attendances` (
  `id` bigint(20) UNSIGNED NOT NULL,
  `date` date NOT NULL,
  `status` tinyint(1) NOT NULL COMMENT '0=Absent, 1=Présent, 2=Justifié',
  `student_id` bigint(20) UNSIGNED NOT NULL,
  `formateur_id` bigint(20) UNSIGNED NOT NULL,
  `marked_by_role` enum('formateur','admin_site','super_admin') NOT NULL,
  `created_at` timestamp NULL DEFAULT NULL,
  `updated_at` timestamp NULL DEFAULT NULL
) ENGINE=InnoDB DEFAULT CHARSET=utf8mb4 COLLATE=utf8mb4_unicode_ci;

--
-- Déchargement des données de la table `attendances`
--

INSERT INTO `attendances` (`id`, `date`, `status`, `student_id`, `formateur_id`, `marked_by_role`, `created_at`, `updated_at`) VALUES
(5, '2025-07-23', 0, 55, 7, 'formateur', '2025-07-23 07:36:27', '2025-07-23 08:26:17'),
(6, '2025-07-23', 1, 27, 7, 'formateur', '2025-07-23 07:37:50', '2025-07-23 07:37:50'),
(7, '2025-07-23', 0, 28, 7, 'formateur', '2025-07-23 07:37:50', '2025-07-23 07:37:50'),
(8, '2025-07-23', 2, 29, 7, 'formateur', '2025-07-23 07:37:50', '2025-07-23 07:37:50'),
(9, '2025-07-23', 1, 32, 7, 'formateur', '2025-07-23 07:37:50', '2025-07-23 07:37:50'),
(10, '2025-07-23', 1, 37, 7, 'formateur', '2025-07-23 07:37:50', '2025-07-23 07:37:50'),
(11, '2025-07-23', 1, 39, 7, 'formateur', '2025-07-23 07:37:50', '2025-07-23 07:37:50'),
(12, '2025-07-23', 1, 40, 7, 'formateur', '2025-07-23 07:37:50', '2025-07-23 07:37:50'),
(13, '2025-07-23', 1, 43, 7, 'formateur', '2025-07-23 07:37:50', '2025-07-23 07:37:50'),
(14, '2025-07-23', 1, 49, 7, 'formateur', '2025-07-23 07:37:50', '2025-07-23 07:37:50'),
(15, '2025-07-23', 1, 39, 14, 'formateur', '2025-07-23 07:44:22', '2025-07-23 07:44:22'),
(16, '2025-07-23', 1, 49, 14, 'formateur', '2025-07-23 07:44:22', '2025-07-23 07:44:22'),
(17, '2025-07-23', 1, 40, 14, 'formateur', '2025-07-23 07:44:22', '2025-07-23 07:44:22'),
(18, '2025-07-23', 1, 37, 14, 'formateur', '2025-07-23 07:44:22', '2025-07-23 07:44:22'),
(19, '2025-07-23', 0, 28, 14, 'formateur', '2025-07-23 07:44:22', '2025-07-23 07:58:55'),
(20, '2025-07-23', 1, 27, 14, 'formateur', '2025-07-23 07:44:22', '2025-07-23 07:44:22'),
(21, '2025-07-23', 2, 29, 14, 'formateur', '2025-07-23 07:44:22', '2025-07-23 07:58:55'),
(22, '2025-07-23', 1, 32, 14, 'formateur', '2025-07-23 07:44:22', '2025-07-23 07:44:22'),
(23, '2025-07-23', 1, 43, 14, 'formateur', '2025-07-23 07:44:22', '2025-07-23 07:44:22'),
(24, '2025-07-23', 2, 55, 14, 'formateur', '2025-07-23 07:44:22', '2025-07-23 07:54:02'),
(25, '2025-07-23', 0, 31, 14, 'formateur', '2025-07-23 07:44:22', '2025-07-23 07:58:55'),
(26, '2025-07-23', 0, 26, 14, 'formateur', '2025-07-23 07:44:22', '2025-07-23 07:58:55'),
(27, '2025-07-23', 0, 42, 14, 'formateur', '2025-07-23 07:44:22', '2025-07-23 07:58:55'),
(28, '2025-07-23', 0, 47, 14, 'formateur', '2025-07-23 07:44:22', '2025-07-23 07:58:55'),
(29, '2025-07-23', 1, 44, 14, 'formateur', '2025-07-23 07:44:22', '2025-07-23 07:44:22'),
(30, '2025-07-23', 1, 48, 14, 'formateur', '2025-07-23 07:44:22', '2025-07-23 07:44:22'),
(31, '2025-07-23', 1, 23, 14, 'formateur', '2025-07-23 07:44:22', '2025-07-23 07:44:22'),
(32, '2025-07-23', 1, 54, 14, 'formateur', '2025-07-23 07:44:22', '2025-07-23 07:44:22'),
(33, '2025-07-23', 0, 30, 7, 'formateur', '2025-07-23 07:44:22', '2025-07-23 08:19:14'),
(34, '2025-07-23', 1, 25, 14, 'formateur', '2025-07-23 07:44:22', '2025-07-23 07:44:22'),
(35, '2025-07-23', 1, 22, 14, 'formateur', '2025-07-23 07:44:22', '2025-07-23 07:44:22'),
(36, '2025-07-23', 1, 21, 14, 'formateur', '2025-07-23 07:44:22', '2025-07-23 07:44:22'),
(37, '2025-07-23', 1, 41, 14, 'formateur', '2025-07-23 07:44:22', '2025-07-23 07:44:22'),
(38, '2025-07-23', 1, 36, 14, 'formateur', '2025-07-23 07:44:22', '2025-07-23 07:44:22'),
(39, '2025-07-23', 1, 20, 14, 'formateur', '2025-07-23 07:44:22', '2025-07-23 07:44:22'),
(40, '2025-07-23', 1, 24, 14, 'formateur', '2025-07-23 07:44:22', '2025-07-23 07:44:22'),
(41, '2025-07-23', 1, 38, 14, 'formateur', '2025-07-23 07:44:22', '2025-07-23 07:44:22'),
(42, '2025-07-23', 0, 46, 14, 'formateur', '2025-07-23 07:44:22', '2025-07-23 07:59:02'),
(43, '2025-07-23', 1, 51, 14, 'formateur', '2025-07-23 07:44:22', '2025-07-23 07:44:22'),
(44, '2025-07-23', 1, 52, 14, 'formateur', '2025-07-23 07:44:22', '2025-07-23 07:44:22'),
(45, '2025-07-23', 1, 50, 14, 'formateur', '2025-07-23 07:44:22', '2025-07-23 07:44:22'),
(46, '2025-07-22', 0, 55, 7, 'formateur', '2025-07-23 08:02:11', '2025-07-23 08:02:11');

-- --------------------------------------------------------

--
-- Structure de la table `cours`
--

CREATE TABLE `cours` (
  `id` bigint(20) UNSIGNED NOT NULL,
  `titre` varchar(255) NOT NULL,
  `description` text DEFAULT NULL,
  `fichier_path` varchar(255) DEFAULT NULL,
  `assignation_id` bigint(20) UNSIGNED NOT NULL,
  `promotion_id` bigint(20) UNSIGNED NOT NULL,
  `formateur_id` bigint(20) UNSIGNED NOT NULL,
  `created_at` timestamp NULL DEFAULT NULL,
  `updated_at` timestamp NULL DEFAULT NULL
) ENGINE=InnoDB DEFAULT CHARSET=utf8mb4 COLLATE=utf8mb4_general_ci;

-- --------------------------------------------------------

--
-- Structure de la table `evaluations`
--

CREATE TABLE `evaluations` (
  `id` bigint(20) UNSIGNED NOT NULL,
  `assignation_id` bigint(20) UNSIGNED NOT NULL,
  `type` enum('interro','devoir','compo') NOT NULL,
  `label` varchar(255) DEFAULT NULL,
  `date` date NOT NULL,
  `created_at` timestamp NULL DEFAULT NULL,
  `updated_at` timestamp NULL DEFAULT NULL
) ENGINE=InnoDB DEFAULT CHARSET=utf8mb4 COLLATE=utf8mb4_unicode_ci;

-- --------------------------------------------------------

--
-- Structure de la table `fees`
--

CREATE TABLE `fees` (
  `id` bigint(20) UNSIGNED NOT NULL,
  `nom` varchar(100) NOT NULL,
  `description` text DEFAULT NULL,
  `type` enum('formation','inscription','soutenance','autre') DEFAULT 'autre',
  `created_at` timestamp NULL DEFAULT NULL,
  `updated_at` timestamp NULL DEFAULT NULL
) ENGINE=InnoDB DEFAULT CHARSET=utf8mb4 COLLATE=utf8mb4_general_ci;

--
-- Déchargement des données de la table `fees`
--

INSERT INTO `fees` (`id`, `nom`, `description`, `type`, `created_at`, `updated_at`) VALUES
(2, 'Frais d\'inscription', NULL, 'inscription', '2025-07-31 14:48:39', '2025-07-31 14:48:39'),
(4, 'Frais de Soutenance', NULL, 'soutenance', '2025-07-31 15:20:57', '2025-07-31 15:20:57'),
(7, 'Frais de Formation', NULL, 'formation', '2025-08-07 09:48:50', '2025-08-07 09:48:50');

-- --------------------------------------------------------

--
-- Structure de la table `fee_filiere`
--

CREATE TABLE `fee_filiere` (
  `fee_id` bigint(20) UNSIGNED NOT NULL,
  `filiere_id` bigint(20) UNSIGNED NOT NULL,
  `montant` decimal(10,2) NOT NULL,
  `created_at` timestamp NULL DEFAULT NULL,
  `updated_at` timestamp NULL DEFAULT NULL
) ENGINE=InnoDB DEFAULT CHARSET=utf8mb4 COLLATE=utf8mb4_general_ci;

--
-- Déchargement des données de la table `fee_filiere`
--

INSERT INTO `fee_filiere` (`fee_id`, `filiere_id`, `montant`, `created_at`, `updated_at`) VALUES
(2, 1, 20000.00, NULL, NULL),
(2, 2, 20000.00, NULL, NULL),
(2, 3, 20000.00, NULL, NULL),
(2, 4, 20000.00, NULL, NULL),
(2, 5, 20000.00, NULL, NULL),
(2, 6, 20000.00, NULL, NULL),
(2, 7, 20000.00, NULL, NULL),
(2, 8, 20000.00, NULL, NULL),
(2, 10, 20000.00, NULL, NULL),
(2, 12, 20000.00, NULL, NULL),
(2, 13, 20000.00, NULL, NULL),
(2, 14, 20000.00, NULL, NULL),
(4, 1, 50000.00, NULL, '2025-08-07 16:05:55'),
(4, 2, 50000.00, NULL, '2025-08-07 16:05:55'),
(4, 3, 50000.00, NULL, '2025-08-07 16:05:55'),
(4, 4, 50000.00, NULL, '2025-08-07 16:05:55'),
(4, 5, 50000.00, NULL, '2025-08-07 16:05:55'),
(4, 6, 50000.00, NULL, '2025-08-07 16:05:55'),
(4, 7, 50000.00, NULL, '2025-08-07 16:05:55'),
(4, 8, 50000.00, NULL, '2025-08-07 16:05:55'),
(4, 10, 50000.00, NULL, '2025-08-07 16:05:55'),
(4, 12, 50000.00, NULL, '2025-08-07 16:05:55'),
(4, 13, 50000.00, NULL, '2025-08-07 16:05:55'),
(4, 14, 50000.00, NULL, '2025-08-07 16:05:55'),
(7, 1, 150000.00, NULL, '2025-08-08 10:55:53'),
(7, 2, 100000.00, NULL, '2025-08-08 10:55:53'),
(7, 3, 150000.00, NULL, '2025-08-08 10:55:53'),
(7, 4, 120000.00, NULL, '2025-08-08 10:55:53'),
(7, 5, 200000.00, NULL, '2025-08-08 10:55:53'),
(7, 6, 150000.00, NULL, '2025-08-08 10:55:53'),
(7, 7, 200000.00, NULL, '2025-08-08 10:55:53'),
(7, 8, 100000.00, NULL, '2025-08-08 10:55:53'),
(7, 10, 100000.00, NULL, '2025-08-08 10:55:53'),
(7, 12, 100000.00, NULL, '2025-08-08 10:55:53'),
(7, 13, 120000.00, NULL, '2025-08-08 10:55:53'),
(7, 14, 100000.00, NULL, '2025-08-08 10:55:53');

-- --------------------------------------------------------

--
-- Structure de la table `filieres`
--

CREATE TABLE `filieres` (
  `id` bigint(20) UNSIGNED NOT NULL,
  `nom` varchar(255) NOT NULL,
  `code` varchar(10) NOT NULL,
  `created_at` timestamp NULL DEFAULT NULL,
  `updated_at` timestamp NULL DEFAULT NULL
) ENGINE=InnoDB DEFAULT CHARSET=utf8mb4 COLLATE=utf8mb4_unicode_ci;

--
-- Déchargement des données de la table `filieres`
--

INSERT INTO `filieres` (`id`, `nom`, `code`, `created_at`, `updated_at`) VALUES
(1, 'Assistant(e) de Direction option Comptable', 'ADC', '2025-05-28 13:50:22', '2025-07-01 17:33:47'),
(2, 'Assistant(e) de Direction option Commerciale', 'ADCO', '2025-05-28 13:50:49', '2025-07-01 17:34:06'),
(3, 'Assistant(e) de Direction option Juridique', 'ADJ', '2025-05-28 13:50:57', '2025-07-01 17:36:09'),
(4, 'Assistant(e) de Direction option Médicale', 'ADM', '2025-05-28 13:51:08', '2025-07-01 17:36:20'),
(5, 'Assistant(e) de Direction option Graphisme', 'ADG', '2025-05-28 13:51:20', '2025-07-01 17:36:32'),
(6, 'Assistant(e) de Direction option Bilingue', 'ADB', '2025-05-28 13:51:32', '2025-07-01 17:36:40'),
(7, 'Assistant(e) de Direction option Ressources Humaines', 'ADRH', '2025-05-28 13:51:42', '2025-07-01 17:36:49'),
(8, 'Spécialiste Polyvalent en Communication Digitale', 'SPCD', '2025-05-28 13:51:57', '2025-07-01 15:11:51'),
(10, 'Assistant(e) de Direction', 'AD', '2025-07-01 15:09:22', '2025-07-01 17:37:15'),
(12, 'Design Graphique', 'DG', '2025-07-04 09:28:49', '2025-07-04 09:28:49'),
(13, 'Community Management', 'CM', '2025-07-04 09:29:04', '2025-07-04 09:29:04'),
(14, 'Marketing Digital', 'MD', '2025-07-04 12:22:58', '2025-07-04 12:22:58');

-- --------------------------------------------------------

--
-- Structure de la table `filiere_programme`
--

CREATE TABLE `filiere_programme` (
  `id` bigint(20) UNSIGNED NOT NULL,
  `programme_id` bigint(20) UNSIGNED NOT NULL,
  `filiere_id` bigint(20) UNSIGNED NOT NULL,
  `created_at` timestamp NULL DEFAULT NULL,
  `updated_at` timestamp NULL DEFAULT NULL
) ENGINE=InnoDB DEFAULT CHARSET=utf8mb4 COLLATE=utf8mb4_unicode_ci;

--
-- Déchargement des données de la table `filiere_programme`
--

INSERT INTO `filiere_programme` (`id`, `programme_id`, `filiere_id`, `created_at`, `updated_at`) VALUES
(91, 8, 1, '2025-07-21 11:24:28', '2025-07-21 11:24:28'),
(92, 8, 2, '2025-07-21 11:24:28', '2025-07-21 11:24:28'),
(93, 8, 3, '2025-07-21 11:24:28', '2025-07-21 11:24:28'),
(94, 8, 4, '2025-07-21 11:24:28', '2025-07-21 11:24:28'),
(95, 8, 5, '2025-07-21 11:24:28', '2025-07-21 11:24:28'),
(96, 8, 6, '2025-07-21 11:24:28', '2025-07-21 11:24:28'),
(97, 8, 7, '2025-07-21 11:24:28', '2025-07-21 11:24:28'),
(98, 8, 8, '2025-07-21 11:24:28', '2025-07-21 11:24:28'),
(99, 8, 10, '2025-07-21 11:24:28', '2025-07-21 11:24:28'),
(100, 8, 12, '2025-07-21 11:24:28', '2025-07-21 11:24:28'),
(101, 8, 13, '2025-07-21 11:24:28', '2025-07-21 11:24:28'),
(102, 8, 14, '2025-07-21 11:24:28', '2025-07-21 11:24:28');

-- --------------------------------------------------------

--
-- Structure de la table `filiere_subject`
--

CREATE TABLE `filiere_subject` (
  `filiere_id` bigint(20) UNSIGNED NOT NULL,
  `subject_id` bigint(20) UNSIGNED NOT NULL
) ENGINE=InnoDB DEFAULT CHARSET=utf8mb4 COLLATE=utf8mb4_unicode_ci;

--
-- Déchargement des données de la table `filiere_subject`
--

INSERT INTO `filiere_subject` (`filiere_id`, `subject_id`) VALUES
(1, 30),
(1, 31),
(1, 32),
(1, 33),
(1, 34),
(1, 35),
(1, 36),
(1, 37),
(1, 38),
(1, 39),
(1, 40),
(1, 41),
(1, 42),
(1, 43),
(1, 44),
(1, 45),
(1, 46),
(1, 47),
(1, 48),
(1, 53),
(1, 54),
(1, 55),
(2, 30),
(2, 31),
(2, 32),
(2, 33),
(2, 34),
(2, 35),
(2, 36),
(2, 37),
(2, 38),
(2, 39),
(2, 40),
(2, 41),
(2, 42),
(2, 43),
(2, 44),
(2, 45),
(2, 46),
(2, 47),
(2, 48),
(2, 60),
(2, 61),
(2, 62),
(2, 63),
(2, 64),
(3, 30),
(3, 31),
(3, 32),
(3, 33),
(3, 34),
(3, 35),
(3, 36),
(3, 37),
(3, 38),
(3, 39),
(3, 40),
(3, 41),
(3, 42),
(3, 43),
(3, 44),
(3, 45),
(3, 46),
(3, 47),
(3, 48),
(4, 30),
(4, 31),
(4, 32),
(4, 33),
(4, 34),
(4, 35),
(4, 36),
(4, 37),
(4, 38),
(4, 39),
(4, 40),
(4, 41),
(4, 42),
(4, 43),
(4, 44),
(4, 45),
(4, 46),
(4, 47),
(4, 48),
(4, 49),
(4, 50),
(4, 51),
(4, 52),
(5, 30),
(5, 31),
(5, 32),
(5, 33),
(5, 34),
(5, 35),
(5, 36),
(5, 37),
(5, 38),
(5, 39),
(5, 40),
(5, 41),
(5, 42),
(5, 43),
(5, 44),
(5, 45),
(5, 46),
(5, 47),
(5, 48),
(5, 67),
(5, 68),
(5, 69),
(5, 70),
(5, 71),
(6, 30),
(6, 31),
(6, 32),
(6, 33),
(6, 34),
(6, 35),
(6, 36),
(6, 37),
(6, 38),
(6, 39),
(6, 40),
(6, 41),
(6, 42),
(6, 43),
(6, 44),
(6, 45),
(6, 46),
(6, 47),
(6, 48),
(6, 65),
(6, 66),
(7, 30),
(7, 31),
(7, 32),
(7, 33),
(7, 34),
(7, 35),
(7, 36),
(7, 37),
(7, 38),
(7, 39),
(7, 40),
(7, 41),
(7, 42),
(7, 43),
(7, 44),
(7, 45),
(7, 46),
(7, 47),
(7, 48),
(7, 56),
(7, 57),
(7, 58),
(7, 59),
(8, 47),
(8, 67),
(8, 68),
(8, 69),
(8, 70),
(8, 71),
(10, 30),
(10, 31),
(10, 32),
(10, 33),
(10, 34),
(10, 35),
(10, 36),
(10, 37),
(10, 38),
(10, 39),
(10, 40),
(10, 41),
(10, 42),
(10, 43),
(10, 44),
(10, 45),
(10, 46),
(10, 47),
(10, 48),
(12, 47),
(12, 67),
(12, 68),
(12, 69),
(12, 70),
(12, 71),
(13, 47),
(13, 67),
(13, 68),
(13, 69),
(13, 70),
(13, 71),
(14, 47),
(14, 67),
(14, 68),
(14, 69),
(14, 70),
(14, 71);

-- --------------------------------------------------------

--
-- Structure de la table `grades`
--

CREATE TABLE `grades` (
  `id` bigint(20) UNSIGNED NOT NULL,
  `student_id` bigint(20) UNSIGNED NOT NULL,
  `subject_id` bigint(20) UNSIGNED DEFAULT NULL,
  `filiere_id` bigint(20) UNSIGNED DEFAULT NULL,
  `site_id` bigint(20) UNSIGNED DEFAULT NULL,
  `formateur_id` bigint(20) UNSIGNED DEFAULT NULL,
  `assignation_id` bigint(20) UNSIGNED DEFAULT NULL,
  `interro1` decimal(5,2) DEFAULT NULL,
  `interro2` decimal(5,2) DEFAULT NULL,
  `interro3` decimal(5,2) DEFAULT NULL,
  `devoir` decimal(5,2) DEFAULT NULL,
  `created_at` timestamp NULL DEFAULT NULL,
  `updated_at` timestamp NULL DEFAULT NULL,
  `moy_interro` decimal(4,2) DEFAULT NULL,
  `moy_finale` decimal(4,2) DEFAULT NULL,
  `term` varchar(255) DEFAULT NULL
) ENGINE=InnoDB DEFAULT CHARSET=utf8mb4 COLLATE=utf8mb4_unicode_ci;

--
-- Déchargement des données de la table `grades`
--

INSERT INTO `grades` (`id`, `student_id`, `subject_id`, `filiere_id`, `site_id`, `formateur_id`, `assignation_id`, `interro1`, `interro2`, `interro3`, `devoir`, `created_at`, `updated_at`, `moy_interro`, `moy_finale`, `term`) VALUES
(1, 55, NULL, NULL, NULL, NULL, 372, 20.00, 14.00, 10.00, 16.00, '2025-07-21 09:14:29', '2025-07-22 09:20:26', 14.67, 15.33, '1'),
(2, 55, NULL, NULL, NULL, NULL, 372, 18.00, 13.00, 10.00, 20.00, '2025-07-21 09:14:29', '2025-07-22 09:20:26', 13.67, 16.83, '2'),
(3, 55, NULL, NULL, NULL, NULL, 372, 18.00, 14.00, 20.00, 12.00, '2025-07-21 09:14:29', '2025-07-22 09:20:26', 17.33, 14.67, '3');

-- --------------------------------------------------------

--
-- Structure de la table `migrations`
--

CREATE TABLE `migrations` (
  `id` int(10) UNSIGNED NOT NULL,
  `migration` varchar(255) NOT NULL,
  `batch` int(11) NOT NULL
) ENGINE=InnoDB DEFAULT CHARSET=utf8mb4 COLLATE=utf8mb4_unicode_ci;

--
-- Déchargement des données de la table `migrations`
--

INSERT INTO `migrations` (`id`, `migration`, `batch`) VALUES
(1, '2019_12_14_000001_create_personal_access_tokens_table', 1),
(2, '2025_05_27_150851_create_sites_table', 1),
(3, '2025_05_27_150926_create_users_table', 1),
(4, '2025_05_28_143944_create_filieres_table', 2),
(5, '2025_05_28_145813_create_promotions_table', 3),
(6, '2025_05_28_153829_create_students_table', 4),
(7, '2025_05_30_085632_add_code_to_filieres_table', 5),
(8, '2025_06_04_101317_create_subjects_table', 6),
(9, '2025_06_04_101413_create_assignations_table', 6),
(10, '2025_06_04_101439_create_grades_table', 6),
(11, '2025_06_04_122003_add_filiere_id_to_subjects_table', 7),
(13, '2025_06_04_142202_create_evaluations_table', 8);

-- --------------------------------------------------------

--
-- Structure de la table `payments`
--

CREATE TABLE `payments` (
  `id` bigint(20) UNSIGNED NOT NULL,
  `student_fee_id` bigint(20) UNSIGNED NOT NULL,
  `montant` decimal(10,2) NOT NULL,
  `mode_paiement` varchar(50) DEFAULT 'espèce',
  `date_paiement` date NOT NULL,
  `note` text DEFAULT NULL,
  `created_at` timestamp NULL DEFAULT NULL,
  `updated_at` timestamp NULL DEFAULT NULL
) ENGINE=InnoDB DEFAULT CHARSET=utf8mb4 COLLATE=utf8mb4_general_ci;

-- --------------------------------------------------------

--
-- Structure de la table `personal_access_tokens`
--

CREATE TABLE `personal_access_tokens` (
  `id` bigint(20) UNSIGNED NOT NULL,
  `tokenable_type` varchar(255) NOT NULL,
  `tokenable_id` bigint(20) UNSIGNED NOT NULL,
  `name` varchar(255) NOT NULL,
  `token` varchar(64) NOT NULL,
  `abilities` text DEFAULT NULL,
  `last_used_at` timestamp NULL DEFAULT NULL,
  `expires_at` timestamp NULL DEFAULT NULL,
  `created_at` timestamp NULL DEFAULT NULL,
  `updated_at` timestamp NULL DEFAULT NULL
) ENGINE=InnoDB DEFAULT CHARSET=utf8mb4 COLLATE=utf8mb4_unicode_ci;

-- --------------------------------------------------------

--
-- Structure de la table `programmes`
--

CREATE TABLE `programmes` (
  `id` bigint(20) UNSIGNED NOT NULL,
  `date_seance` date NOT NULL,
  `heure_debut` time NOT NULL,
  `heure_fin` time NOT NULL,
  `subject_id` bigint(20) UNSIGNED DEFAULT NULL,
  `titre_custom` varchar(255) DEFAULT NULL,
  `description` text DEFAULT NULL,
  `formateur_id` bigint(20) UNSIGNED NOT NULL,
  `site_id` bigint(20) UNSIGNED DEFAULT NULL,
  `recurrence` enum('ponctuel','hebdomadaire','mensuel') NOT NULL,
  `date_fin_recurrence` date DEFAULT NULL,
  `created_at` timestamp NULL DEFAULT NULL,
  `updated_at` timestamp NULL DEFAULT NULL
) ENGINE=InnoDB DEFAULT CHARSET=utf8mb4 COLLATE=utf8mb4_unicode_ci;

--
-- Déchargement des données de la table `programmes`
--

INSERT INTO `programmes` (`id`, `date_seance`, `heure_debut`, `heure_fin`, `subject_id`, `titre_custom`, `description`, `formateur_id`, `site_id`, `recurrence`, `date_fin_recurrence`, `created_at`, `updated_at`) VALUES
(8, '2025-08-20', '10:00:00', '11:00:00', 37, NULL, NULL, 14, 1, 'ponctuel', NULL, '2025-07-21 11:24:28', '2025-07-21 11:24:28');

-- --------------------------------------------------------

--
-- Structure de la table `promotions`
--

CREATE TABLE `promotions` (
  `id` bigint(20) UNSIGNED NOT NULL,
  `nom` varchar(255) NOT NULL,
  `date_debut` date NOT NULL,
  `date_fin` date NOT NULL,
  `created_at` timestamp NULL DEFAULT NULL,
  `updated_at` timestamp NULL DEFAULT NULL
) ENGINE=InnoDB DEFAULT CHARSET=utf8mb4 COLLATE=utf8mb4_unicode_ci;

--
-- Déchargement des données de la table `promotions`
--

INSERT INTO `promotions` (`id`, `nom`, `date_debut`, `date_fin`, `created_at`, `updated_at`) VALUES
(1, '2024-2025', '2024-12-02', '2025-11-30', '2025-05-28 14:15:22', '2025-07-01 18:13:10'),
(2, '2025-2026', '2025-05-05', '2026-04-30', '2025-07-01 18:10:07', '2025-07-01 18:12:47'),
(3, '2023', '2023-04-06', '2023-12-06', '2025-07-03 12:37:15', '2025-07-03 12:37:15'),
(4, '2023-2024', '2023-09-18', '2024-08-16', '2025-07-04 09:18:33', '2025-07-04 09:18:33'),
(5, '2024-2025', '2024-03-04', '2025-02-28', '2025-07-04 23:02:28', '2025-07-04 23:02:28'),
(6, 'Octobre 2025 - Septembre 2026', '2025-10-06', '2026-09-30', '2025-07-18 10:29:27', '2025-07-18 10:29:27');

-- --------------------------------------------------------

--
-- Structure de la table `sites`
--

CREATE TABLE `sites` (
  `id` bigint(20) UNSIGNED NOT NULL,
  `nom` varchar(255) NOT NULL,
  `code` varchar(255) NOT NULL,
  `created_at` timestamp NULL DEFAULT NULL,
  `updated_at` timestamp NULL DEFAULT NULL
) ENGINE=InnoDB DEFAULT CHARSET=utf8mb4 COLLATE=utf8mb4_unicode_ci;

--
-- Déchargement des données de la table `sites`
--

INSERT INTO `sites` (`id`, `nom`, `code`, `created_at`, `updated_at`) VALUES
(1, 'Akpakpa Excellentia', 'AKP', '2025-05-27 15:10:44', '2025-05-27 15:14:17'),
(2, 'Calavi Excellentia', 'CAL', '2025-05-27 15:17:37', '2025-05-27 15:17:37'),
(3, 'Porto-Novo Excellentia', 'PRT', '2025-05-27 15:18:01', '2025-05-27 15:18:01');

-- --------------------------------------------------------

--
-- Structure de la table `students`
--

CREATE TABLE `students` (
  `id` bigint(20) UNSIGNED NOT NULL,
  `nom_prenom` varchar(255) NOT NULL,
  `matricule` varchar(255) NOT NULL,
  `telephone` varchar(255) NOT NULL,
  `email` varchar(255) NOT NULL,
  `date_naissance` date DEFAULT NULL,
  `lieu_naissance` varchar(255) DEFAULT NULL,
  `sexe` enum('M','F') NOT NULL,
  `site_id` bigint(20) UNSIGNED NOT NULL,
  `filiere_id` bigint(20) UNSIGNED NOT NULL,
  `promotion_id` bigint(20) UNSIGNED NOT NULL,
  `photo` varchar(255) DEFAULT NULL,
  `created_at` timestamp NULL DEFAULT NULL,
  `updated_at` timestamp NULL DEFAULT NULL,
  `statut` enum('en_cours','termine','abandonne') NOT NULL DEFAULT 'en_cours'
) ENGINE=InnoDB DEFAULT CHARSET=utf8mb4 COLLATE=utf8mb4_unicode_ci;

--
-- Déchargement des données de la table `students`
--

INSERT INTO `students` (`id`, `nom_prenom`, `matricule`, `telephone`, `email`, `date_naissance`, `lieu_naissance`, `sexe`, `site_id`, `filiere_id`, `promotion_id`, `photo`, `created_at`, `updated_at`, `statut`) VALUES
(20, 'KAKPO Satingo Princesse Eloïse', 'AD-8468-AKP', '0153887794', 'kakpoprincesse78@gmail.com', '2002-07-10', 'Porto-Novo', 'F', 1, 10, 1, 'uploads/students_photos/1753268092_sara.jpg', '2025-07-01 15:41:01', '2025-07-23 09:55:53', 'termine'),
(21, 'FAFOLAHAN Gwladys Mindégnonni', 'AD-3730-AKP', '0161812060', 'gwladys27fafolahan@gmail.com', '1993-09-27', 'Cotonou', 'F', 1, 10, 1, 'uploads/students_photos/1751541631_WhatsApp Image 2025-07-03 à 12.19.14_dcf7dc08.jpg', '2025-07-01 15:53:39', '2025-07-03 11:20:31', 'en_cours'),
(22, 'DELFON Carine Mahugbe', 'AD-8075-AKP', '0152696662', 'carinedelofon@gmail.com', '2001-07-19', 'Cotonou', 'F', 1, 10, 1, 'uploads/students_photos/1751466641_carine.jpg', '2025-07-01 15:58:22', '2025-07-02 14:30:41', 'en_cours'),
(23, 'AGOU Olamide Ephraim', 'AD-9746-AKP', '0165828294', 'ephraimagou68@gmail.com', '2002-04-06', 'Cotonou', 'F', 1, 10, 1, 'uploads/students_photos/1751535129_WhatsApp Image 2025-07-03 à 10.19.32_6a714190.jpg', '2025-07-01 16:00:47', '2025-07-03 09:32:09', 'en_cours'),
(24, 'MIGAN H. Falilath Fanelle', 'AD-9736-AKP', '0151369330', 'fanellemigan4@gmail.com', '1996-09-04', 'Porto-Novo', 'F', 1, 10, 1, 'uploads/students_photos/1751481300_Fanelle.jpg', '2025-07-01 16:02:31', '2025-07-02 18:35:00', 'en_cours'),
(25, 'DANSIKPEVI Kévine Agoyi', 'AD-2257-AKP', '0159347802', 'dansikpevikevine71@gmail.com', '2004-03-02', 'Cotonou', 'F', 1, 10, 1, 'uploads/students_photos/1751536112_690DC443-7F81-4D26-A287-4CBB8978E22E copie.jpg', '2025-07-01 17:21:47', '2025-07-03 09:48:32', 'en_cours'),
(26, 'LOKOSSOU S. K. Gracia', 'ADM-5777-CAL', '0196601445', 'gracialokossou96@gmail.com', '1996-09-29', 'Cotonou', 'F', 2, 4, 1, 'students_photos/2CXARvS0AcaMfvHE78nue5E8IPqFXyEXzfloHGfK.webp', '2025-07-01 17:31:54', '2025-08-05 09:07:23', 'en_cours'),
(27, 'GBADAMASSI Roukayatou', 'ADC-3277-AKP', '0162056570', 'roukayatougbadamassi1@gmail.com', '1997-02-05', 'Cotonou', 'F', 1, 1, 1, 'uploads/students_photos/1751541468_WhatsApp Image 2025-07-03 à 12.02.16_013fece4.jpg', '2025-07-01 17:40:53', '2025-07-03 11:17:48', 'en_cours'),
(28, 'DIALLO Khadija', 'ADC-1649-AKP', '0158966078', 'dreamyamor099@gmail.com', '2001-09-13', 'Guinée', 'F', 1, 1, 1, NULL, '2025-07-01 17:42:53', '2025-07-02 13:11:23', 'en_cours'),
(29, 'KPOZE Leonarde Anaïs', 'ADC-8248-AKP', '0162555444', 'leonardekpoze@gmail.com', '2000-05-23', 'Porto-Novo', 'F', 1, 1, 1, 'uploads/students_photos/1751536023_WhatsApp Image 2025-07-03 à 10.41.52_dcd76b07.jpg', '2025-07-01 17:50:14', '2025-07-03 09:47:03', 'en_cours'),
(30, 'AJAVON Ayélé Nadège', 'AD-8574-CAL', '0167085765', 'ajavonnadege2010@gmail.com', '2001-07-10', 'Lomé', 'F', 2, 10, 2, NULL, '2025-07-01 18:09:03', '2025-07-02 13:18:48', 'en_cours'),
(31, 'KOUGBLENOU Joséphine Carmen', 'ADM-7918-AKP', '0153123275', 'carmenkougblenou@gmail.com', '1999-03-19', 'Agbalilamè', 'F', 1, 4, 2, 'uploads/students_photos/1752851322_WhatsApp Image 2025-07-18 à 10.57.00_0cad9b8e.jpg', '2025-07-01 18:18:55', '2025-07-18 15:08:42', 'en_cours'),
(32, 'NALA Choukouratou', 'ADC-5873-AKP', '0158101831', 'choukouratounala@gmail.com', '2001-04-15', 'Akassato', 'F', 1, 1, 2, 'uploads/students_photos/1751553961_WhatsApp Image 2025-07-03 à 15.34.10_e5ac0820.jpg', '2025-07-01 18:22:00', '2025-07-03 14:46:01', 'en_cours'),
(36, 'HOUSSOU Richmelle', 'AD-1714-AKP', '0151861480', 'houssourichmelle@gmail.com', '2000-08-28', 'Cotonou', 'F', 1, 10, 3, NULL, '2025-07-03 14:42:51', '2025-07-24 14:37:06', 'termine'),
(37, 'ASSOUMA Issifou', 'ADC-6187-AKP', '0194201029', 'issifassouma1029@gmail.com', '2000-11-08', 'Parakou', 'M', 1, 1, 3, NULL, '2025-07-03 14:50:27', '2025-07-24 14:37:13', 'termine'),
(38, 'YEVI Ornélia', 'AD-6423-AKP', '0190883551', 'yeviornelia@gmail.com', '1999-12-02', 'Cotonou', 'F', 1, 10, 3, NULL, '2025-07-03 14:53:13', '2025-07-24 14:37:18', 'termine'),
(39, 'ADJIWANOU Carlene', 'ADC-1174-AKP', '0199313035', 'carlenenge@gmail.com', '1999-02-27', 'Gabon', 'F', 1, 1, 3, NULL, '2025-07-03 14:55:59', '2025-07-24 14:37:22', 'termine'),
(40, 'AMENOUGNON Martinienne', 'ADC-8368-AKP', '0169027002', 'stenyame96@gmail.com', '1996-03-08', 'Gabon', 'F', 1, 1, 3, NULL, '2025-07-03 15:00:23', '2025-07-24 14:37:26', 'termine'),
(41, 'HOUNGBO Steffi', 'AD-3334-AKP', '0162314162', 'steffihoungbo@gmail.com', '2000-07-22', 'Cotonou', 'F', 1, 10, 3, NULL, '2025-07-03 15:04:56', '2025-07-24 14:37:30', 'termine'),
(42, 'HONVO Latifatou', 'ADG-4637-AKP', '0198212219', 'latifatou@exemple.com', '1999-05-06', 'Cotonou', 'F', 1, 5, 3, NULL, '2025-07-03 15:17:12', '2025-07-24 14:37:34', 'termine'),
(43, 'UDENCY Gift', 'ADC-4448-AKP', '0157132866', 'gift@example.com', '2001-07-08', 'Cotonou', 'F', 1, 1, 4, NULL, '2025-07-04 09:20:41', '2025-07-04 09:20:41', 'en_cours'),
(44, 'HOUSSOU Syntyche', 'ADB-4445-AKP', '0140125680', 'syntychehoussou88@gmail.com', '2004-04-10', 'Cotonou', 'F', 1, 6, 4, NULL, '2025-07-04 09:24:36', '2025-07-04 09:24:36', 'en_cours'),
(46, 'KOUYONOU David', 'DG-2974-AKP', '0161212799', 'david@example.com', '2004-03-27', 'Cotonou', 'M', 1, 12, 4, NULL, '2025-07-04 09:30:30', '2025-07-04 09:30:30', 'en_cours'),
(47, 'ZOUNMENOU Grâce Divine', 'ADG-5551-AKP', '0159770945', 'ariellezounm@gmail.com', '2004-06-13', 'Ekpè', 'F', 1, 5, 4, NULL, '2025-07-04 09:33:06', '2025-07-04 09:33:06', 'en_cours'),
(48, 'ADOHOUETO Denise', 'AD-8325-AKP', '0161101448', 'deniseadohoueto@gmail.com', '1997-11-12', 'Akpro-Missérété', 'F', 1, 10, 4, NULL, '2025-07-04 09:38:45', '2025-07-04 09:38:45', 'en_cours'),
(49, 'AÏNA Ella', 'ADC-2671-AKP', '0166825133', 'ainaella1997@gmail.com', '1997-02-01', 'Porto-Novo', 'F', 1, 1, 4, NULL, '2025-07-04 09:40:37', '2025-07-04 09:40:37', 'en_cours'),
(50, 'MICHOZOUNNOU Elie', 'MD-7761-AKP', '0198456901', 'mitchozounnouelie52@gmail.com', '2003-03-25', 'Cotonou', 'M', 1, 14, 5, NULL, '2025-07-04 23:04:15', '2025-07-04 23:04:15', 'en_cours'),
(51, 'ANANI DEGNON Jorès', 'MD-3153-AKP', '0197673478', 'joresananidegnon@gmail.com', '2006-01-09', 'Cotonou', 'M', 1, 14, 5, NULL, '2025-07-04 23:06:33', '2025-07-04 23:06:33', 'en_cours'),
(52, 'DOSSOU Suzanne Yêyi', 'MD-4856-AKP', '0169917846', 'suzannedossou99@gmail.com', '1999-06-20', 'Abidjan', 'F', 1, 14, 5, NULL, '2025-07-04 23:09:44', '2025-07-04 23:09:44', 'en_cours'),
(54, 'AHOUANDJINOU Semevo Cunégonde Lucresse', 'AD-2430-AKP', '0190830335', 'ahcunegonde@gmail.com', '2001-03-12', 'Cotonou', 'F', 1, 10, 6, 'uploads/students_photos/1752831342_Lucresse .jpg', '2025-07-18 09:35:42', '2025-07-18 10:30:11', 'en_cours'),
(55, 'ha ha', 'ADCO-1049-CAL', '54589962', 'ha@ex.com', '2002-12-14', 'Parakou', 'F', 1, 2, 1, NULL, '2025-07-21 08:40:04', '2025-07-21 08:42:36', 'en_cours'),
(56, 'Ke vin', 'ADB-4586-CAL', '555555555', 'ke@gmail.com', '2002-11-12', 'Parakou', 'M', 2, 6, 2, 'students_photos/tBRx1JFtNAOpvlyWCrBGqMsQDfxcJDjMk5z9aISj.png', '2025-07-31 07:32:15', '2025-08-05 09:07:01', 'en_cours');

-- --------------------------------------------------------

--
-- Structure de la table `student_fees`
--

CREATE TABLE `student_fees` (
  `id` bigint(20) UNSIGNED NOT NULL,
  `student_id` bigint(20) UNSIGNED NOT NULL,
  `site_id` bigint(20) UNSIGNED DEFAULT NULL,
  `promotion_id` bigint(20) UNSIGNED DEFAULT NULL,
  `fee_id` bigint(20) UNSIGNED NOT NULL,
  `montant_total` decimal(10,2) NOT NULL,
  `montant_reduction` decimal(10,2) DEFAULT 0.00,
  `reduction_motif` varchar(255) DEFAULT NULL,
  `statut` enum('non_payé','partiellement_payé','payé') DEFAULT 'non_payé',
  `created_at` timestamp NULL DEFAULT NULL,
  `updated_at` timestamp NULL DEFAULT NULL
) ENGINE=InnoDB DEFAULT CHARSET=utf8mb4 COLLATE=utf8mb4_general_ci;

-- --------------------------------------------------------

--
-- Structure de la table `subjects`
--

CREATE TABLE `subjects` (
  `id` bigint(20) UNSIGNED NOT NULL,
  `nom` varchar(255) NOT NULL,
  `created_at` timestamp NULL DEFAULT NULL,
  `updated_at` timestamp NULL DEFAULT NULL
) ENGINE=InnoDB DEFAULT CHARSET=utf8mb4 COLLATE=utf8mb4_unicode_ci;

--
-- Déchargement des données de la table `subjects`
--

INSERT INTO `subjects` (`id`, `nom`, `created_at`, `updated_at`) VALUES
(30, 'Techniques de classement et d\'archivage', '2025-07-05 03:00:33', '2025-07-05 03:00:33'),
(31, 'Accueil physique et téléphonique', '2025-07-05 03:01:09', '2025-07-05 03:01:09'),
(32, 'Gestion des courriers', '2025-07-05 03:01:36', '2025-07-05 03:01:36'),
(33, 'Organisation des réunions et des déplacements', '2025-07-05 03:01:57', '2025-07-05 03:01:57'),
(34, 'Gestion de l’agenda et des plannings', '2025-07-05 03:02:21', '2025-07-05 03:02:21'),
(35, 'Rédaction administrative', '2025-07-05 03:02:42', '2025-07-05 03:02:42'),
(36, 'Technique d’expression écrite et orale', '2025-07-05 03:03:05', '2025-07-05 03:03:05'),
(37, 'Microsoft Word', '2025-07-05 03:03:27', '2025-07-05 03:03:27'),
(38, 'Microsoft Excel', '2025-07-05 03:03:48', '2025-07-05 03:03:48'),
(39, 'Microsoft PowerPoint', '2025-07-05 03:04:07', '2025-07-05 03:04:07'),
(40, 'Outils de messagerie (Gmail, Outlook…)', '2025-07-05 03:04:46', '2025-07-05 03:04:46'),
(41, 'Outils collaboratifs (Google Drive, Teams, Zoom …)', '2025-07-05 03:05:12', '2025-07-05 03:05:12'),
(42, 'Documents commerciaux', '2025-07-05 03:05:33', '2025-07-05 03:05:33'),
(43, 'Organisation et gestion du temps', '2025-07-05 03:05:58', '2025-07-05 03:05:58'),
(44, 'Techniques de prise de notes', '2025-07-05 03:06:17', '2025-07-05 03:06:17'),
(45, 'Confiance en soi et posture professionnelle', '2025-07-05 03:06:43', '2025-07-05 03:06:43'),
(46, 'Éthique et déontologie du métier de l\'assistanat', '2025-07-05 03:07:09', '2025-07-05 03:13:38'),
(47, 'Préparation à l’insertion professionnelle (CV, lettre, entretien…)', '2025-07-05 03:07:48', '2025-07-05 03:07:48'),
(48, 'Initiation au droit du travail', '2025-07-05 03:08:33', '2025-07-05 03:08:33'),
(49, 'Terminologie médicale', '2025-07-05 03:14:13', '2025-07-05 03:14:13'),
(50, 'Gestion des dossiers médicaux', '2025-07-05 03:14:30', '2025-07-05 03:14:30'),
(51, 'Éthique et confidentialité', '2025-07-05 03:14:43', '2025-07-05 03:14:43'),
(52, 'Reconnaissance des signes de gravité et la conduite devant les urgences', '2025-07-05 03:15:03', '2025-07-05 03:15:03'),
(53, 'Initiation à la comptabilité générale', '2025-07-05 03:15:25', '2025-07-05 03:15:25'),
(54, 'Tenue des livres (journal, grand livre)', '2025-07-05 03:15:39', '2025-07-05 03:15:39'),
(55, 'Notion de TVA et bilan', '2025-07-05 03:15:54', '2025-07-05 03:15:54'),
(56, 'Gestion administrative du personnel', '2025-07-05 03:16:26', '2025-07-05 03:16:26'),
(57, 'Suivi des congés et absences', '2025-07-05 03:16:41', '2025-07-05 03:16:41'),
(58, 'Élaboration des contrats de travail', '2025-07-05 03:16:55', '2025-07-05 03:16:55'),
(59, 'Recrutement (annonces, tri, convocation, intégration)', '2025-07-05 03:17:19', '2025-07-05 03:17:19'),
(60, 'Techniques de vente et de négociation', '2025-07-05 03:17:42', '2025-07-05 03:17:42'),
(61, 'Suivi des commandes et relances clients', '2025-07-05 03:17:54', '2025-07-05 03:17:54'),
(62, 'Gestion d’un portefeuille client', '2025-07-05 03:18:07', '2025-07-05 03:18:07'),
(63, 'Élaboration d’une offre commerciale', '2025-07-05 03:18:22', '2025-07-05 03:18:22'),
(64, 'Aide à l’organisation d’actions commerciales', '2025-07-05 03:18:41', '2025-07-05 03:18:41'),
(65, 'Anglais de bureau et vocabulaire professionnel', '2025-07-05 03:19:05', '2025-07-05 03:19:05'),
(66, 'Pratique orale : simulations et mises en situation', '2025-07-05 03:19:24', '2025-07-05 03:19:24'),
(67, 'Bases de la communication visuelle', '2025-07-05 03:20:22', '2025-07-05 03:20:22'),
(68, 'Adobe Photoshop', '2025-07-05 03:23:19', '2025-07-05 03:23:19'),
(69, 'Adobe InDesign', '2025-07-05 03:23:38', '2025-07-05 03:23:38'),
(70, 'Adobe Illustrator', '2025-07-05 03:24:03', '2025-07-05 03:24:03'),
(71, 'Atelier pratique', '2025-07-05 03:25:09', '2025-07-05 03:25:09');

-- --------------------------------------------------------

--
-- Structure de la table `users`
--

CREATE TABLE `users` (
  `id` bigint(20) UNSIGNED NOT NULL,
  `name` varchar(255) NOT NULL,
  `email` varchar(255) NOT NULL,
  `matricule` varchar(20) DEFAULT NULL,
  `email_verified_at` timestamp NULL DEFAULT NULL,
  `password` varchar(255) NOT NULL,
  `role` enum('super_admin','admin_site','formateur','etudiant','admin_gen') NOT NULL DEFAULT 'etudiant',
  `site_id` bigint(20) UNSIGNED DEFAULT NULL,
  `remember_token` varchar(100) DEFAULT NULL,
  `created_at` timestamp NULL DEFAULT NULL,
  `updated_at` timestamp NULL DEFAULT NULL
) ENGINE=InnoDB DEFAULT CHARSET=utf8mb4 COLLATE=utf8mb4_unicode_ci;

--
-- Déchargement des données de la table `users`
--

INSERT INTO `users` (`id`, `name`, `email`, `matricule`, `email_verified_at`, `password`, `role`, `site_id`, `remember_token`, `created_at`, `updated_at`) VALUES
(1, 'Super Admin', 'contact@institutexcellentia.com', NULL, NULL, '$2y$10$mvOutmZXI4fPxSk9qlkP6eR706E64f.tcQhRhEtUmmkTf1wwrXPdC', 'super_admin', NULL, NULL, '2025-05-27 14:30:49', '2025-06-30 17:11:21'),
(2, 'Excellentia Calavi', 'calavi@institutexcellentia.com', NULL, NULL, '$2y$10$/YnGmECNE4iU1zW.pCrJse9J3EIxv8YJqRR8dYBa0dhT4XGFoKHv2', 'admin_site', 2, NULL, '2025-05-27 14:59:43', '2025-07-31 07:04:13'),
(3, 'Excellentia Akpakpa', 'cotonou@institutexcellentia.com', NULL, NULL, '$2y$10$.IQ.WO8Z8PRrLE9flUIST.bPXOzEYYop.r8iCPiKl27kS.NwsrZ52', 'admin_site', 1, NULL, '2025-05-27 15:01:01', '2025-07-18 12:37:28'),
(4, 'Excellentia Porto-Novo', 'portonovo@institutexcellentia.com', NULL, NULL, '$2y$10$CG.xX21lu4Pa7ycun2uQH.pZBUuRhACem/iQADhy15QIK5ZY7B6G6', 'admin_site', 3, NULL, '2025-05-27 15:01:34', '2025-07-18 12:38:42'),
(7, 'Admin Général', 'k.ephrem@institutexcellentia.com', NULL, NULL, '$2y$10$92gzm.za4NN7tgX3J6shxeaJQZrsZGI58eBpvE8T8vu2KX5RY0Kl.', 'admin_gen', NULL, NULL, '2025-07-01 15:21:37', '2025-07-01 15:21:37'),
(8, 'KOUGBLENOU Mahouton Ephrem', 'ephremlemondo123@gmail.com', NULL, NULL, '$2y$10$gfzaVOPk5iNoMgKU8yjRieN6FQgIheWr0k64Iwk6KaRcnllSIb4vi', 'formateur', NULL, NULL, '2025-07-03 16:08:12', '2025-07-03 16:08:12'),
(9, 'VEN\'KPE LEDJO Mireille Sandrine', 'mireillevenkpeledjo@gmail.com', NULL, NULL, '$2y$10$VrkSN78Q9lHR3gMlYbzZ2e3UhETlqKfKvmWZPvTMkuDOa7MrYdQeK', 'formateur', NULL, NULL, '2025-07-03 16:09:59', '2025-07-03 16:09:59'),
(10, 'BELLO Aïchatou', 'aichoubell@gmail.com', NULL, NULL, '$2y$10$jYRqr1mZlTqGjCNJdyV3meI9L1EslI1bVYnocMwyUPr60l4CN.8j.', 'formateur', NULL, NULL, '2025-07-03 16:12:12', '2025-07-03 16:12:12'),
(13, 'GUELLY-MONGNY Freid Arnaud', 'guellyarnaud@gmail.com', NULL, NULL, '$2y$10$2mEdkV5bl3M3dC1P/i8equQUQJTm.R17A9zL4qW1cWvXtwJWdeb8a', 'formateur', NULL, NULL, '2025-07-18 12:35:24', '2025-07-18 12:35:24'),
(14, 'Ru Ben', 'ru@gmail.com', NULL, NULL, '$2y$10$WGUD2uC.DZz8LPqy7Z2Rj.0nFSnHIgfOIu582zLhaifvI7383QVaS', 'formateur', NULL, NULL, '2025-07-21 07:41:47', '2025-07-21 07:41:47');

--
-- Index pour les tables déchargées
--

--
-- Index pour la table `assignations`
--
ALTER TABLE `assignations`
  ADD PRIMARY KEY (`id`),
  ADD KEY `assignations_formateur_id_foreign` (`formateur_id`),
  ADD KEY `assignations_subject_id_foreign` (`subject_id`),
  ADD KEY `assignations_filiere_id_foreign` (`filiere_id`),
  ADD KEY `assignations_site_id_foreign` (`site_id`);

--
-- Index pour la table `attendances`
--
ALTER TABLE `attendances`
  ADD PRIMARY KEY (`id`),
  ADD UNIQUE KEY `unique_attendance` (`date`,`student_id`,`formateur_id`),
  ADD KEY `date_index` (`date`),
  ADD KEY `fk_student` (`student_id`),
  ADD KEY `fk_user` (`formateur_id`);

--
-- Index pour la table `cours`
--
ALTER TABLE `cours`
  ADD PRIMARY KEY (`id`),
  ADD KEY `assignation_id` (`assignation_id`),
  ADD KEY `promotion_id` (`promotion_id`),
  ADD KEY `formateur_id` (`formateur_id`);

--
-- Index pour la table `evaluations`
--
ALTER TABLE `evaluations`
  ADD PRIMARY KEY (`id`),
  ADD KEY `evaluations_assignation_id_foreign` (`assignation_id`);

--
-- Index pour la table `fees`
--
ALTER TABLE `fees`
  ADD PRIMARY KEY (`id`);

--
-- Index pour la table `fee_filiere`
--
ALTER TABLE `fee_filiere`
  ADD PRIMARY KEY (`fee_id`,`filiere_id`),
  ADD KEY `filiere_id` (`filiere_id`);

--
-- Index pour la table `filieres`
--
ALTER TABLE `filieres`
  ADD PRIMARY KEY (`id`),
  ADD UNIQUE KEY `filieres_nom_unique` (`nom`);

--
-- Index pour la table `filiere_programme`
--
ALTER TABLE `filiere_programme`
  ADD PRIMARY KEY (`id`),
  ADD UNIQUE KEY `unique_prog_filiere` (`programme_id`,`filiere_id`),
  ADD KEY `filiere_id` (`filiere_id`);

--
-- Index pour la table `filiere_subject`
--
ALTER TABLE `filiere_subject`
  ADD PRIMARY KEY (`filiere_id`,`subject_id`),
  ADD KEY `fk_subject` (`subject_id`);

--
-- Index pour la table `grades`
--
ALTER TABLE `grades`
  ADD PRIMARY KEY (`id`),
  ADD KEY `grades_assignation_id_foreign` (`assignation_id`),
  ADD KEY `grades_student_id_foreign` (`student_id`);

--
-- Index pour la table `migrations`
--
ALTER TABLE `migrations`
  ADD PRIMARY KEY (`id`);

--
-- Index pour la table `payments`
--
ALTER TABLE `payments`
  ADD PRIMARY KEY (`id`),
  ADD KEY `student_fee_id` (`student_fee_id`);

--
-- Index pour la table `personal_access_tokens`
--
ALTER TABLE `personal_access_tokens`
  ADD PRIMARY KEY (`id`),
  ADD UNIQUE KEY `personal_access_tokens_token_unique` (`token`),
  ADD KEY `personal_access_tokens_tokenable_type_tokenable_id_index` (`tokenable_type`,`tokenable_id`);

--
-- Index pour la table `programmes`
--
ALTER TABLE `programmes`
  ADD PRIMARY KEY (`id`),
  ADD KEY `subject_id` (`subject_id`),
  ADD KEY `formateur_id` (`formateur_id`),
  ADD KEY `site_id` (`site_id`);

--
-- Index pour la table `promotions`
--
ALTER TABLE `promotions`
  ADD PRIMARY KEY (`id`);

--
-- Index pour la table `sites`
--
ALTER TABLE `sites`
  ADD PRIMARY KEY (`id`),
  ADD UNIQUE KEY `sites_code_unique` (`code`);

--
-- Index pour la table `students`
--
ALTER TABLE `students`
  ADD PRIMARY KEY (`id`),
  ADD UNIQUE KEY `students_matricule_unique` (`matricule`),
  ADD UNIQUE KEY `students_email_unique` (`email`),
  ADD KEY `students_site_id_foreign` (`site_id`),
  ADD KEY `students_filiere_id_foreign` (`filiere_id`),
  ADD KEY `students_promotion_id_foreign` (`promotion_id`);

--
-- Index pour la table `student_fees`
--
ALTER TABLE `student_fees`
  ADD PRIMARY KEY (`id`),
  ADD KEY `student_id` (`student_id`),
  ADD KEY `fee_id` (`fee_id`);

--
-- Index pour la table `subjects`
--
ALTER TABLE `subjects`
  ADD PRIMARY KEY (`id`);

--
-- Index pour la table `users`
--
ALTER TABLE `users`
  ADD PRIMARY KEY (`id`),
  ADD UNIQUE KEY `users_email_unique` (`email`),
  ADD UNIQUE KEY `matricule` (`matricule`),
  ADD KEY `users_site_id_foreign` (`site_id`);

--
-- AUTO_INCREMENT pour les tables déchargées
--

--
-- AUTO_INCREMENT pour la table `assignations`
--
ALTER TABLE `assignations`
  MODIFY `id` bigint(20) UNSIGNED NOT NULL AUTO_INCREMENT, AUTO_INCREMENT=407;

--
-- AUTO_INCREMENT pour la table `attendances`
--
ALTER TABLE `attendances`
  MODIFY `id` bigint(20) UNSIGNED NOT NULL AUTO_INCREMENT, AUTO_INCREMENT=47;

--
-- AUTO_INCREMENT pour la table `cours`
--
ALTER TABLE `cours`
  MODIFY `id` bigint(20) UNSIGNED NOT NULL AUTO_INCREMENT, AUTO_INCREMENT=52;

--
-- AUTO_INCREMENT pour la table `evaluations`
--
ALTER TABLE `evaluations`
  MODIFY `id` bigint(20) UNSIGNED NOT NULL AUTO_INCREMENT;

--
-- AUTO_INCREMENT pour la table `fees`
--
ALTER TABLE `fees`
  MODIFY `id` bigint(20) UNSIGNED NOT NULL AUTO_INCREMENT, AUTO_INCREMENT=8;

--
-- AUTO_INCREMENT pour la table `filieres`
--
ALTER TABLE `filieres`
  MODIFY `id` bigint(20) UNSIGNED NOT NULL AUTO_INCREMENT, AUTO_INCREMENT=16;

--
-- AUTO_INCREMENT pour la table `filiere_programme`
--
ALTER TABLE `filiere_programme`
  MODIFY `id` bigint(20) UNSIGNED NOT NULL AUTO_INCREMENT, AUTO_INCREMENT=103;

--
-- AUTO_INCREMENT pour la table `grades`
--
ALTER TABLE `grades`
  MODIFY `id` bigint(20) UNSIGNED NOT NULL AUTO_INCREMENT, AUTO_INCREMENT=5;

--
-- AUTO_INCREMENT pour la table `migrations`
--
ALTER TABLE `migrations`
  MODIFY `id` int(10) UNSIGNED NOT NULL AUTO_INCREMENT, AUTO_INCREMENT=14;

--
-- AUTO_INCREMENT pour la table `payments`
--
ALTER TABLE `payments`
  MODIFY `id` bigint(20) UNSIGNED NOT NULL AUTO_INCREMENT;

--
-- AUTO_INCREMENT pour la table `personal_access_tokens`
--
ALTER TABLE `personal_access_tokens`
  MODIFY `id` bigint(20) UNSIGNED NOT NULL AUTO_INCREMENT;

--
-- AUTO_INCREMENT pour la table `programmes`
--
ALTER TABLE `programmes`
  MODIFY `id` bigint(20) UNSIGNED NOT NULL AUTO_INCREMENT, AUTO_INCREMENT=9;

--
-- AUTO_INCREMENT pour la table `promotions`
--
ALTER TABLE `promotions`
  MODIFY `id` bigint(20) UNSIGNED NOT NULL AUTO_INCREMENT, AUTO_INCREMENT=7;

--
-- AUTO_INCREMENT pour la table `sites`
--
ALTER TABLE `sites`
  MODIFY `id` bigint(20) UNSIGNED NOT NULL AUTO_INCREMENT, AUTO_INCREMENT=4;

--
-- AUTO_INCREMENT pour la table `students`
--
ALTER TABLE `students`
  MODIFY `id` bigint(20) UNSIGNED NOT NULL AUTO_INCREMENT, AUTO_INCREMENT=57;

--
-- AUTO_INCREMENT pour la table `student_fees`
--
ALTER TABLE `student_fees`
  MODIFY `id` bigint(20) UNSIGNED NOT NULL AUTO_INCREMENT, AUTO_INCREMENT=7;

--
-- AUTO_INCREMENT pour la table `subjects`
--
ALTER TABLE `subjects`
  MODIFY `id` bigint(20) UNSIGNED NOT NULL AUTO_INCREMENT, AUTO_INCREMENT=73;

--
-- AUTO_INCREMENT pour la table `users`
--
ALTER TABLE `users`
  MODIFY `id` bigint(20) UNSIGNED NOT NULL AUTO_INCREMENT, AUTO_INCREMENT=15;

--
-- Contraintes pour les tables déchargées
--

--
-- Contraintes pour la table `assignations`
--
ALTER TABLE `assignations`
  ADD CONSTRAINT `assignations_filiere_id_foreign` FOREIGN KEY (`filiere_id`) REFERENCES `filieres` (`id`) ON DELETE CASCADE,
  ADD CONSTRAINT `assignations_formateur_id_foreign` FOREIGN KEY (`formateur_id`) REFERENCES `users` (`id`) ON DELETE CASCADE,
  ADD CONSTRAINT `assignations_site_id_foreign` FOREIGN KEY (`site_id`) REFERENCES `sites` (`id`) ON DELETE CASCADE,
  ADD CONSTRAINT `assignations_subject_id_foreign` FOREIGN KEY (`subject_id`) REFERENCES `subjects` (`id`) ON DELETE CASCADE;

--
-- Contraintes pour la table `attendances`
--
ALTER TABLE `attendances`
  ADD CONSTRAINT `fk_student` FOREIGN KEY (`student_id`) REFERENCES `students` (`id`) ON DELETE CASCADE,
  ADD CONSTRAINT `fk_user` FOREIGN KEY (`formateur_id`) REFERENCES `users` (`id`) ON DELETE CASCADE;

--
-- Contraintes pour la table `cours`
--
ALTER TABLE `cours`
  ADD CONSTRAINT `cours_ibfk_1` FOREIGN KEY (`assignation_id`) REFERENCES `assignations` (`id`) ON DELETE CASCADE,
  ADD CONSTRAINT `cours_ibfk_2` FOREIGN KEY (`promotion_id`) REFERENCES `promotions` (`id`) ON DELETE CASCADE,
  ADD CONSTRAINT `cours_ibfk_3` FOREIGN KEY (`formateur_id`) REFERENCES `users` (`id`) ON DELETE CASCADE;

--
-- Contraintes pour la table `evaluations`
--
ALTER TABLE `evaluations`
  ADD CONSTRAINT `evaluations_assignation_id_foreign` FOREIGN KEY (`assignation_id`) REFERENCES `assignations` (`id`) ON DELETE CASCADE;

--
-- Contraintes pour la table `fee_filiere`
--
ALTER TABLE `fee_filiere`
  ADD CONSTRAINT `fee_filiere_ibfk_1` FOREIGN KEY (`fee_id`) REFERENCES `fees` (`id`) ON DELETE CASCADE,
  ADD CONSTRAINT `fee_filiere_ibfk_2` FOREIGN KEY (`filiere_id`) REFERENCES `filieres` (`id`) ON DELETE CASCADE;

--
-- Contraintes pour la table `filiere_programme`
--
ALTER TABLE `filiere_programme`
  ADD CONSTRAINT `filiere_programme_ibfk_1` FOREIGN KEY (`programme_id`) REFERENCES `programmes` (`id`) ON DELETE CASCADE,
  ADD CONSTRAINT `filiere_programme_ibfk_2` FOREIGN KEY (`filiere_id`) REFERENCES `filieres` (`id`) ON DELETE CASCADE;

--
-- Contraintes pour la table `filiere_subject`
--
ALTER TABLE `filiere_subject`
  ADD CONSTRAINT `fk_filiere` FOREIGN KEY (`filiere_id`) REFERENCES `filieres` (`id`) ON DELETE CASCADE,
  ADD CONSTRAINT `fk_subject` FOREIGN KEY (`subject_id`) REFERENCES `subjects` (`id`) ON DELETE CASCADE;

--
-- Contraintes pour la table `grades`
--
ALTER TABLE `grades`
  ADD CONSTRAINT `grades_assignation_id_foreign` FOREIGN KEY (`assignation_id`) REFERENCES `assignations` (`id`) ON DELETE CASCADE,
  ADD CONSTRAINT `grades_student_id_foreign` FOREIGN KEY (`student_id`) REFERENCES `students` (`id`) ON DELETE CASCADE;

--
-- Contraintes pour la table `payments`
--
ALTER TABLE `payments`
  ADD CONSTRAINT `payments_ibfk_1` FOREIGN KEY (`student_fee_id`) REFERENCES `student_fees` (`id`) ON DELETE CASCADE;

--
-- Contraintes pour la table `programmes`
--
ALTER TABLE `programmes`
  ADD CONSTRAINT `programmes_ibfk_1` FOREIGN KEY (`subject_id`) REFERENCES `subjects` (`id`) ON DELETE SET NULL,
  ADD CONSTRAINT `programmes_ibfk_2` FOREIGN KEY (`formateur_id`) REFERENCES `users` (`id`) ON DELETE CASCADE,
  ADD CONSTRAINT `programmes_ibfk_3` FOREIGN KEY (`site_id`) REFERENCES `sites` (`id`) ON DELETE SET NULL;

--
-- Contraintes pour la table `students`
--
ALTER TABLE `students`
  ADD CONSTRAINT `students_filiere_id_foreign` FOREIGN KEY (`filiere_id`) REFERENCES `filieres` (`id`) ON DELETE CASCADE,
  ADD CONSTRAINT `students_promotion_id_foreign` FOREIGN KEY (`promotion_id`) REFERENCES `promotions` (`id`) ON DELETE CASCADE,
  ADD CONSTRAINT `students_site_id_foreign` FOREIGN KEY (`site_id`) REFERENCES `sites` (`id`) ON DELETE CASCADE;

--
-- Contraintes pour la table `student_fees`
--
ALTER TABLE `student_fees`
  ADD CONSTRAINT `student_fees_ibfk_1` FOREIGN KEY (`student_id`) REFERENCES `students` (`id`) ON DELETE CASCADE,
  ADD CONSTRAINT `student_fees_ibfk_2` FOREIGN KEY (`fee_id`) REFERENCES `fees` (`id`) ON DELETE CASCADE;

--
-- Contraintes pour la table `users`
--
ALTER TABLE `users`
  ADD CONSTRAINT `users_site_id_foreign` FOREIGN KEY (`site_id`) REFERENCES `sites` (`id`) ON DELETE SET NULL;
COMMIT;

/*!40101 SET CHARACTER_SET_CLIENT=@OLD_CHARACTER_SET_CLIENT */;
/*!40101 SET CHARACTER_SET_RESULTS=@OLD_CHARACTER_SET_RESULTS */;
/*!40101 SET COLLATION_CONNECTION=@OLD_COLLATION_CONNECTION */;
